{
  "num_samples": 1303,
  "mean_bleu_vs_reference": 0.4012749635668203,
  "mean_rougeL_f1_vs_reference": 0.6739286044886227,
  "mean_lexical_diversity_vs_source": 0.20292235217383783,
  "mean_inverse_bleu_vs_source": 0.39142477472007625,
  "mean_length_ratio_vs_reference": 1.0190324984127377
}