{
  "num_samples": 925,
  "mean_bleu_vs_reference": 0.4524618443605495,
  "mean_rougeL_f1_vs_reference": 0.803170122067304,
  "mean_lexical_diversity_vs_source": 0.27406291712952563,
  "mean_inverse_bleu_vs_source": 0.36356709230403084,
  "mean_length_ratio_vs_reference": 0.9766011400777806
}