{
  "num_samples": 925,
  "mean_bleu_vs_reference": 0.5261649295233829,
  "mean_rougeL_f1_vs_reference": 0.7762132937286708,
  "mean_lexical_diversity_vs_source": 0.20207749298434033,
  "mean_inverse_bleu_vs_source": 0.3879987010248023,
  "mean_length_ratio_vs_reference": 1.0010108095245718
}