{
  "num_samples": 925,
  "mean_bleu_vs_reference": 0.5358494376456664,
  "mean_rougeL_f1_vs_reference": 0.7798198174265204,
  "mean_lexical_diversity_vs_source": 0.1946904970974089,
  "mean_inverse_bleu_vs_source": 0.3777068126257941,
  "mean_length_ratio_vs_reference": 1.0116792903839502
}