{
  "num_samples": 925,
  "mean_bleu_vs_reference": 0.6101964779798854,
  "mean_rougeL_f1_vs_reference": 0.8078421844822453,
  "mean_lexical_diversity_vs_source": 0.10811025403222199,
  "mean_inverse_bleu_vs_source": 0.29076842931083513,
  "mean_length_ratio_vs_reference": 1.003896537459879
}